H,S,L,Tag
357,64,68,가을 딥
41,49,56,가을 딥
12,7,63,가을 딥
0,26,87,가을 딥
344,58,39,가을 딥
27,45,38,가을 딥
61,27,73,가을 딥
33,46,66,가을 딥
344,58,39,가을 딥
3,48,39,가을 딥
358,54,75,가을 딥
27,32,55,가을 딥
342,66,26,가을 딥
344,62,45,가을 딥
184,54,27,가을 딥
60,42,30,가을 딥
49,41,28,가을 딥
320,53,30,가을 딥
165,50,14,가을 딥
54,34,13,가을 딥
5,32,87,가을 딥
26,31,72,가을 딥
32,49,67,가을 딥
28,33,55,가을 딥
78,21,50,가을 딥
60,43,30,가을 딥
54,35,13,가을 딥
21,7,63,가을 딥
57,35,72,가을 딥
356,61,77,가을 딥
184,32,68,가을 딥
180,43,47,가을 딥
184,44,29,가을 딥
168,50,14,가을 딥
41,54,58,가을 딥
27,46,39,가을 딥
21,50,55,가을 딥
3,49,40,가을 딥
197,55,55,가을 딥
201,84,38,가을 딥
204,71,29,가을 딥
348,79,67,가을 딥
345,63,47,가을 딥
3,61,56,가을 딥
348,65,15,가을 딥
316,27,63,가을 딥
319,52,31,가을 딥
323,57,17,가을 딥
359,71,71,가을 딥
346,58,40,가을 딥
343,70,26,가을 딥
325,61,17,가을 딥
46,39,29,가을 딥
31,59,21,가을 딥
69,13,9,가을 딥
35,40,82,가을 딥
32,31,72,가을 딥
34,56,80,가을 딥
31,66,79,가을 딥
31,42,65,가을 딥
2,83,75,가을 딥
355,59,56,가을 딥
9,73,66,가을 딥
8,44,55,가을 딥
0,36,32,가을 딥
353,47,29,가을 딥
354,42,42,가을 딥
350,57,47,가을 딥
353,67,54,가을 딥
0,50,55,가을 딥
356,9,33,가을 딥
30,16,57,가을 딥
16,6,32,가을 딥
31,6,52,가을 딥
31,11,74,가을 딥
46,48,78,가을 딥
63,35,74,가을 딥
41,67,79,가을 딥
9,87,84,가을 딥
174,38,71,가을 딥
330,39,75,가을 딥
330,38,61,가을 딥
330,33,46,가을 딥
348,57,39,가을 딥
351,38,20,가을 딥
0,0,14,가을 딥
18,18,19,가을 딥
217,43,22,가을 딥
167,30,15,가을 딥
326,16,19,가을 딥
15,43,56,가을 딥
23,73,70,가을 딥
31,39,53,가을 딥
37,56,62,가을 딥
35,85,73,가을 딥
82,29,62,가을 딥
72,40,58,가을 딥
73,27,48,가을 딥
70,29,31,가을 딥
96,11,17,가을 딥
44,28,46,가을 딥
43,23,24,가을 딥
206,44,23,가을 딥
170,34,17,가을 딥
161,41,28,가을 딥
168,40,41,가을 딥
175,55,40,가을 딥
176,50,53,가을 딥
191,51,59,가을 딥
192,64,43,가을 딥
192,65,32,가을 딥
188,65,27,가을 딥
175,42,17,가을 딥
354,46,59,가을 뮤트
355,63,71,가을 뮤트
10,64,71,가을 뮤트
16,77,78,가을 뮤트
28,74,73,가을 뮤트
16,82,68,가을 뮤트
27,81,68,가을 뮤트
28,80,76,가을 뮤트
43,70,66,가을 뮤트
42,82,72,가을 뮤트
40,86,68,가을 뮤트
65,38,59,가을 뮤트
60,29,49,가을 뮤트
94,36,40,가을 뮤트
186,37,66,가을 뮤트
186,23,62,가을 뮤트
190,15,55,가을 뮤트
216,15,52,가을 뮤트
228,17,67,가을 뮤트
26,14,60,가을 뮤트
216,21,38,가을 뮤트
38,46,76,가을 뮤트
21,31,55,가을 뮤트
22,46,65,가을 뮤트
25,24,38,가을 뮤트
338,49,77,가을 뮤트
216,46,73,가을 뮤트
163,30,74,가을 뮤트
282,18,68,가을 뮤트
311,4,80,가을 뮤트
5,6,64,가을 뮤트
41,19,77,가을 뮤트
37,14,59,가을 뮤트
169,25,73,가을 뮤트
154,25,61,가을 뮤트
183,25,41,가을 뮤트
57,15,62,가을 뮤트
64,9,52,가을 뮤트
327,5,36,가을 뮤트
217,4,32,가을 뮤트
180,36,60,가을 뮤트
196,34,33,가을 뮤트
185,17,26,가을 뮤트
28,43,69,가을 뮤트
20,15,52,가을 뮤트
356,19,53,가을 뮤트
346,20,37,가을 뮤트
205,51,64,가을 뮤트
210,39,48,가을 뮤트
225,27,51,가을 뮤트
236,31,28,가을 뮤트
350,64,78,가을 뮤트
351,59,68,가을 뮤트
343,58,68,가을 뮤트
344,31,48,가을 뮤트
343,38,40,가을 뮤트
215,42,38,가을 뮤트
226,33,28,가을 뮤트
67,10,84,가을 뮤트
56,22,83,가을 뮤트
43,24,82,가을 뮤트
55,17,71,가을 뮤트
45,18,65,가을 뮤트
174,46,55,가을 뮤트
172,50,43,가을 뮤트
176,66,23,가을 뮤트
158,50,30,가을 뮤트
142,38,17,가을 뮤트
43,61,73,가을 뮤트
34,76,76,가을 뮤트
39,74,73,가을 뮤트
37,59,67,가을 뮤트
39,42,60,가을 뮤트
197,46,59,가을 뮤트
202,50,42,가을 뮤트
203,65,26,가을 뮤트
216,32,48,가을 뮤트
220,45,23,가을 뮤트
60,7,74,가을 뮤트
35,7,58,가을 뮤트
41,5,38,가을 뮤트
160,2,52,가을 뮤트
191,7,25,가을 뮤트
353,93,87,가을 뮤트
1,70,67,가을 뮤트
350,52,34,가을 뮤트
348,50,52,가을 뮤트
350,52,34,가을 뮤트
28,51,67,가을 뮤트
25,40,61,가을 뮤트
28,24,48,가을 뮤트
29,24,34,가을 뮤트
9,15,22,가을 뮤트
5,84,87,가을 뮤트
7,100,80,가을 뮤트
359,69,69,가을 뮤트
359,48,55,가을 뮤트
357,40,46,가을 뮤트
14,26,44,가을 뮤트
2,25,42,가을 뮤트
2,32,30,가을 뮤트
3,24,26,가을 뮤트
350,24,24,가을 뮤트
228,31,64,가을 뮤트
228,24,44,가을 뮤트
231,27,24,가을 뮤트
60,17,58,가을 뮤트
2,25,42,가을 뮤트
49,12,29,가을 뮤트
83,14,50,가을 뮤트
91,13,24,가을 뮤트
169,42,17,가을 뮤트
170,45,37,가을 뮤트
155,30,39,가을 뮤트
154,35,60,가을 뮤트
154,42,71,가을 뮤트
45,50,78,가을 뮤트
345,21,36,가을 뮤트
181,31,58,가을 뮤트
41,14,58,가을 뮤트
342,38,39,가을 뮤트
204,43,61,가을 뮤트
189,44,29,가을 뮤트
154,24,60,가을 뮤트
223,42,28,가을 뮤트
224,26,49,가을 뮤트
184,19,25,가을 뮤트
28,40,68,가을 뮤트
187,13,50,가을 뮤트
48,14,63,가을 뮤트
323,4,80,가을 뮤트
352,51,76,가을 뮤트
17,15,52,가을 뮤트
323,5,36,가을 뮤트
35,18,77,가을 뮤트
343,48,65,가을 뮤트
89,26,49,가을 트루
53,25,58,가을 트루
9,74,67,가을 트루
225,52,26,가을 트루
157,55,25,가을 트루
55,47,36,가을 트루
350,67,46,가을 트루
21,38,92,가을 트루
21,34,82,가을 트루
32,53,83,가을 트루
37,58,74,가을 트루
9,87,70,가을 트루
0,84,66,가을 트루
350,70,49,가을 트루
3,88,89,가을 트루
23,9,73,가을 트루
317,2,52,가을 트루
324,13,29,가을 트루
53,26,59,가을 트루
54,49,36,가을 트루
33,22,25,가을 트루
30,35,65,가을 트루
2,10,41,가을 트루
331,13,24,가을 트루
271,19,17,가을 트루
91,27,50,가을 트루
154,46,27,가을 트루
189,24,14,가을 트루
18,63,71,가을 트루
354,33,49,가을 트루
33,54,55,가을 트루
17,39,39,가을 트루
186,49,50,가을 트루
193,56,54,가을 트루
190,60,27,가을 트루
27,72,64,가을 트루
8,67,57,가을 트루
351,60,40,가을 트루
347,47,31,가을 트루
215,38,52,가을 트루
227,50,27,가을 트루
254,29,40,가을 트루
36,47,84,가을 트루
35,38,80,가을 트루
38,26,75,가을 트루
42,61,80,가을 트루
39,72,77,가을 트루
14,100,74,가을 트루
1,93,71,가을 트루
2,92,70,가을 트루
3,81,61,가을 트루
356,64,50,가을 트루
344,29,17,가을 트루
354,48,30,가을 트루
349,49,42,가을 트루
352,73,64,가을 트루
2,69,71,가을 트루
2,13,31,가을 트루
32,4,52,가을 트루
64,9,70,가을 트루
16,83,81,가을 트루
21,67,84,가을 트루
66,17,70,가을 트루
33,14,47,가을 트루
32,11,36,가을 트루
41,9,26,가을 트루
55,32,62,가을 트루
71,24,53,가을 트루
53,42,44,가을 트루
46,41,30,가을 트루
47,25,18,가을 트루
144,28,16,가을 트루
148,46,22,가을 트루
143,50,30,가을 트루
107,39,31,가을 트루
100,30,55,가을 트루
348,12,22,가을 트루
17,17,26,가을 트루
28,17,40,가을 트루
32,29,55,가을 트루
32,41,66,가을 트루
24,71,72,가을 트루
16,55,66,가을 트루
10,33,49,가을 트루
2,32,38,가을 트루
355,26,21,가을 트루
183,52,46,가을 트루
181,58,30,가을 트루
189,53,52,가을 트루
190,66,31,가을 트루
192,56,20,가을 트루
267,20,27,가을 트루
268,20,44,가을 트루
225,35,31,가을 트루
214,32,52,가을 트루
31,36,30,가을 트루
31,43,49,가을 트루
34,61,60,가을 트루
31,89,67,가을 트루
38,87,68,가을 트루
23,83,66,가을 트루
21,65,56,가을 트루
15,69,58,가을 트루
6,52,47,가을 트루
0,46,34,가을 트루
19,60,69,가을 트루
284,18,16,가을 트루
323,12,28,가을 트루
38,53,72,가을 트루
211,31,42,가을 트루
31,33,64,가을 트루
2,76,88,가을 트루
21,36,92,가을 트루
7,60,55,가을 트루
340,14,23,가을 트루
319,2,52,가을 트루
32,49,82,가을 트루
349,63,39,가을 트루
0,0,100,겨울 딥
352,60,36,겨울 딥
293,21,49,겨울 딥
4,18,15,겨울 딥
0,33,2,겨울 딥
354,47,25,겨울 딥
304,32,24,겨울 딥
280,22,15,겨울 딥
339,56,66,겨울 딥
347,24,15,겨울 딥
327,18,13,겨울 딥
190,45,16,겨울 딥
340,46,36,겨울 딥
201,70,33,겨울 딥
158,64,20,겨울 딥
214,59,33,겨울 딥
337,29,16,겨울 딥
196,60,23,겨울 딥
114,12,16,겨울 딥
169,41,16,겨울 딥
0,0,100,겨울 딥
247,9,83,겨울 딥
236,10,66,겨울 딥
247,8,18,겨울 딥
163,37,45,겨울 딥
178,37,20,겨울 딥
193,44,19,겨울 딥
53,74,79,겨울 딥
318,41,89,겨울 딥
207,61,83,겨울 딥
234,46,82,겨울 딥
199,61,64,겨울 딥
195,56,30,겨울 딥
217,60,39,겨울 딥
340,63,66,겨울 딥
336,62,67,겨울 딥
335,61,56,겨울 딥
341,47,30,겨울 딥
204,59,41,겨울 딥
211,60,62,겨울 딥
251,38,21,겨울 딥
346,61,43,겨울 딥
342,55,38,겨울 딥
346,61,57,겨울 딥
334,36,23,겨울 딥
262,28,62,겨울 딥
270,27,26,겨울 딥
313,14,17,겨울 딥
347,57,63,겨울 딥
322,39,61,겨울 딥
327,38,39,겨울 딥
313,29,20,겨울 딥
100,25,29,겨울 딥
165,47,25,겨울 딥
240,10,15,겨울 딥
0,0,100,겨울 딥
41,17,85,겨울 딥
60,7,74,겨울 딥
41,4,59,겨울 딥
23,6,40,겨울 딥
157,70,40,겨울 딥
157,61,21,겨울 딥
165,38,16,겨울 딥
96,11,16,겨울 딥
3,18,15,겨울 딥
188,41,16,겨울 딥
188,70,28,겨울 딥
188,65,40,겨울 딥
170,65,23,겨울 딥
169,58,48,겨울 딥
0,0,0,겨울 딥
192,7,25,겨울 딥
165,2,61,겨울 딥
180,5,77,겨울 딥
192,5,81,겨울 딥
53,68,79,겨울 딥
350,46,86,겨울 딥
162,41,80,겨울 딥
196,54,78,겨울 딥
227,45,81,겨울 딥
195,66,60,겨울 딥
197,77,36,겨울 딥
198,65,24,겨울 딥
202,69,34,겨울 딥
208,41,18,겨울 딥
218,45,20,겨울 딥
212,64,33,겨울 딥
216,81,63,겨울 딥
205,71,36,겨울 딥
202,67,64,겨울 딥
98,40,28,겨울 딥
91,46,53,겨울 딥
38,82,68,겨울 딥
41,93,70,겨울 딥
50,91,71,겨울 딥
350,63,50,겨울 딥
350,73,59,겨울 딥
342,90,72,겨울 딥
343,69,57,겨울 딥
343,56,30,겨울 딥
283,28,64,겨울 딥
296,21,51,겨울 딥
300,28,24,겨울 딥
271,20,16,겨울 딥
340,20,14,겨울 딥
339,27,16,겨울 딥
341,46,38,겨울 딥
339,67,69,겨울 딥
345,45,23,겨울 딥
348,55,28,겨울 딥
353,60,38,겨울 딥
347,61,34,겨울 딥
349,67,41,겨울 딥
352,77,67,겨울 딥
351,69,56,겨울 딥
351,55,32,겨울 딥
355,45,26,겨울 딥
0,21,16,겨울 딥
0,0,100,겨울 브라이트
324,50,65,겨울 브라이트
186,54,58,겨울 브라이트
256,33,43,겨울 브라이트
160,4,73,겨울 브라이트
322,45,49,겨울 브라이트
174,38,77,겨울 브라이트
239,41,29,겨울 브라이트
340,8,7,겨울 브라이트
316,50,32,겨울 브라이트
257,32,85,겨울 브라이트
330,64,88,겨울 브라이트
287,38,28,겨울 브라이트
291,38,28,겨울 브라이트
147,43,51,겨울 브라이트
244,30,59,겨울 브라이트
219,60,22,겨울 브라이트
342,58,36,겨울 브라이트
172,62,38,겨울 브라이트
209,48,55,겨울 브라이트
0,0,100,겨울 브라이트
300,8,83,겨울 브라이트
231,11,76,겨울 브라이트
240,4,57,겨울 브라이트
151,65,43,겨울 브라이트
180,98,25,겨울 브라이트
130,87,6,겨울 브라이트
49,81,83,겨울 브라이트
339,95,90,겨울 브라이트
184,78,81,겨울 브라이트
244,80,87,겨울 브라이트
195,95,62,겨울 브라이트
205,96,45,겨울 브라이트
222,100,24,겨울 브라이트
50,89,61,겨울 브라이트
39,86,62,겨울 브라이트
78,74,47,겨울 브라이트
141,93,28,겨울 브라이트
211,97,67,겨울 브라이트
217,100,42,겨울 브라이트
230,96,34,겨울 브라이트
349,82,61,겨울 브라이트
353,99,40,겨울 브라이트
336,97,42,겨울 브라이트
342,100,24,겨울 브라이트
222,73,47,겨울 브라이트
237,52,54,겨울 브라이트
242,100,17,겨울 브라이트
317,83,64,겨울 브라이트
316,74,41,겨울 브라이트
328,95,38,겨울 브라이트
307,100,19,겨울 브라이트
297,52,53,겨울 브라이트
290,93,25,겨울 브라이트
255,100,0,겨울 브라이트
0,0,100,겨울 브라이트
51,20,86,겨울 브라이트
60,7,78,겨울 브라이트
48,2,60,겨울 브라이트
37,4,36,겨울 브라이트
314,62,67,겨울 브라이트
306,40,43,겨울 브라이트
292,40,29,겨울 브라이트
254,33,45,겨울 브라이트
240,39,30,겨울 브라이트
173,58,20,겨울 브라이트
171,68,38,겨울 브라이트
149,68,23,겨울 브라이트
144,73,38,겨울 브라이트
148,61,53,겨울 브라이트
0,0,7,겨울 브라이트
180,4,24,겨울 브라이트
146,4,60,겨울 브라이트
160,4,73,겨울 브라이트
150,2,81,겨울 브라이트
50,68,80,겨울 브라이트
1,70,89,겨울 브라이트
171,49,79,겨울 브라이트
322,91,90,겨울 브라이트
252,43,87,겨울 브라이트
184,69,59,겨울 브라이트
182,62,39,겨울 브라이트
192,78,60,겨울 브라이트
196,68,48,겨울 브라이트
197,75,28,겨울 브라이트
221,55,23,겨울 브라이트
215,67,39,겨울 브라이트
210,53,58,겨울 브라이트
218,62,38,겨울 브라이트
203,66,66,겨울 브라이트
84,35,47,겨울 브라이트
79,59,58,겨울 브라이트
41,96,69,겨울 브라이트
44,98,71,겨울 브라이트
49,83,71,겨울 브라이트
355,84,72,겨울 브라이트
354,74,60,겨울 브라이트
356,64,51,겨울 브라이트
342,68,55,겨울 브라이트
344,57,38,겨울 브라이트
219,51,56,겨울 브라이트
218,62,38,겨울 브라이트
224,46,22,겨울 브라이트
350,15,14,겨울 브라이트
340,9,12,겨울 브라이트
233,43,24,겨울 브라이트
245,30,50,겨울 브라이트
246,39,63,겨울 브라이트
348,58,32,겨울 브라이트
348,65,48,겨울 브라이트
346,75,60,겨울 브라이트
343,67,57,겨울 브라이트
337,83,71,겨울 브라이트
324,80,70,겨울 브라이트
323,52,52,겨울 브라이트
316,51,33,겨울 브라이트
330,58,47,겨울 브라이트
327,50,26,겨울 브라이트
0,0,100,겨울 트루
340,52,88,겨울 트루
145,50,46,겨울 트루
275,38,32,겨울 트루
195,9,25,겨울 트루
220,48,84,겨울 트루
162,71,27,겨울 트루
218,50,20,겨울 트루
0,4,4,겨울 트루
188,49,77,겨울 트루
186,79,24,겨울 트루
161,36,15,겨울 트루
241,34,25,겨울 트루
330,60,83,겨울 트루
335,73,62,겨울 트루
332,43,22,겨울 트루
216,70,30,겨울 트루
328,57,73,겨울 트루
353,59,50,겨울 트루
323,25,17,겨울 트루
240,15,89,겨울 트루
224,13,81,겨울 트루
240,5,63,겨울 트루
215,14,29,겨울 트루
321,83,88,겨울 트루
327,69,68,겨울 트루
326,72,61,겨울 트루
318,61,90,겨울 트루
59,84,80,겨울 트루
192,96,87,겨울 트루
234,80,89,겨울 트루
322,57,75,겨울 트루
332,47,50,겨울 트루
320,34,30,겨울 트루
159,47,60,겨울 트루
153,48,46,겨울 트루
163,53,29,겨울 트루
170,47,23,겨울 트루
257,41,68,겨울 트루
286,28,50,겨울 트루
252,39,39,겨울 트루
176,48,33,겨울 트루
193,57,55,겨울 트루
201,58,31,겨울 트루
182,36,14,겨울 트루
268,36,35,겨울 트루
234,47,36,겨울 트루
218,49,25,겨울 트루
206,94,72,겨울 트루
216,65,59,겨울 트루
212,77,40,겨울 트루
207,69,36,겨울 트루
222,72,36,겨울 트루
0,0,100,겨울 트루
0,0,0,겨울 트루
0,0,100,겨울 트루
37,12,87,겨울 트루
60,9,80,겨울 트루
26,7,58,겨울 트루
16,4,44,겨울 트루
322,96,87,겨울 트루
321,98,79,겨울 트루
329,92,72,겨울 트루
327,91,68,겨울 트루
330,60,41,겨울 트루
332,42,23,겨울 트루
331,54,42,겨울 트루
334,90,66,겨울 트루
341,88,66,겨울 트루
334,100,78,겨울 트루
0,0,5,겨울 트루
191,7,25,겨울 트루
173,4,56,겨울 트루
180,4,74,겨울 트루
192,5,81,겨울 트루
340,62,89,겨울 트루
52,92,78,겨울 트루
142,54,80,겨울 트루
185,67,79,겨울 트루
223,56,86,겨울 트루
325,81,78,겨울 트루
333,65,60,겨울 트루
331,54,42,겨울 트루
337,52,30,겨울 트루
325,26,18,겨울 트루
273,35,25,겨울 트루
297,30,49,겨울 트루
276,39,34,겨울 트루
282,33,47,겨울 트루
294,44,65,겨울 트루
347,63,41,겨울 트루
351,71,53,겨울 트루
46,100,68,겨울 트루
50,97,68,겨울 트루
53,93,71,겨울 트루
147,58,48,겨울 트루
149,79,40,겨울 트루
148,74,27,겨울 트루
153,67,21,겨울 트루
160,32,16,겨울 트루
315,39,34,겨울 트루
276,34,32,겨울 트루
239,36,34,겨울 트루
244,35,26,겨울 트루
218,43,20,겨울 트루
353,12,14,겨울 트루
225,42,23,겨울 트루
222,64,34,겨울 트루
218,50,46,겨울 트루
186,71,26,겨울 트루
184,67,42,겨울 트루
168,60,18,겨울 트루
162,74,27,겨울 트루
162,77,41,겨울 트루
192,64,54,겨울 트루
195,70,44,겨울 트루
198,78,29,겨울 트루
206,63,47,겨울 트루
209,86,36,겨울 트루
272,32,77,봄 라이트
277,29,77,봄 라이트
270,32,77,봄 라이트
318,50,82,봄 라이트
358,86,90,봄 라이트
19,94,86,봄 라이트
24,84,85,봄 라이트
26,90,87,봄 라이트
32,96,89,봄 라이트
60,89,92,봄 라이트
268,28,63,봄 라이트
327,40,70,봄 라이트
0,83,79,봄 라이트
12,87,78,봄 라이트
23,85,72,봄 라이트
24,100,81,봄 라이트
34,86,74,봄 라이트
43,100,79,봄 라이트
69,60,81,봄 라이트
96,46,89,봄 라이트
148,40,82,봄 라이트
176,43,77,봄 라이트
185,47,82,봄 라이트
192,69,84,봄 라이트
208,52,77,봄 라이트
216,37,76,봄 라이트
68,63,76,봄 라이트
98,44,78,봄 라이트
155,40,69,봄 라이트
171,44,63,봄 라이트
180,45,67,봄 라이트
193,69,71,봄 라이트
211,57,65,봄 라이트
220,39,58,봄 라이트
67,66,69,봄 라이트
91,44,69,봄 라이트
151,43,57,봄 라이트
170,46,57,봄 라이트
181,49,56,봄 라이트
186,61,57,봄 라이트
217,46,58,봄 라이트
231,33,50,봄 라이트
60,100,97,봄 라이트
44,44,89,봄 라이트
39,31,83,봄 라이트
39,27,74,봄 라이트
21,12,82,봄 라이트
36,14,76,봄 라이트
30,50,87,봄 라이트
36,71,89,봄 라이트
26,21,57,봄 라이트
24,32,39,봄 라이트
26,30,46,봄 라이트
31,29,39,봄 라이트
12,5,49,봄 라이트
36,9,37,봄 라이트
26,13,35,봄 라이트
348,2,35,봄 라이트
195,64,75,봄 라이트
202,57,67,봄 라이트
213,98,74,봄 라이트
226,100,74,봄 라이트
238,96,89,봄 라이트
268,51,70,봄 라이트
277,100,84,봄 라이트
283,41,59,봄 라이트
97,89,80,봄 라이트
101,61,84,봄 라이트
124,48,78,봄 라이트
149,65,74,봄 라이트
163,50,69,봄 라이트
160,100,69,봄 라이트
174,72,56,봄 라이트
180,100,40,봄 라이트
54,84,71,봄 라이트
42,98,73,봄 라이트
48,74,81,봄 라이트
39,93,76,봄 라이트
60,100,80,봄 라이트
47,89,73,봄 라이트
49,77,72,봄 라이트
37,90,70,봄 라이트
25,100,82,봄 라이트
22,92,84,봄 라이트
9,97,83,봄 라이트
17,98,73,봄 라이트
3,92,73,봄 라이트
356,100,76,봄 라이트
358,73,73,봄 라이트
352,75,65,봄 라이트
358,73,86,봄 라이트
349,100,88,봄 라이트
334,97,82,봄 라이트
342,96,77,봄 라이트
345,100,74,봄 라이트
336,87,69,봄 라이트
341,98,67,봄 라이트
346,79,62,봄 라이트
353,81,76,봄 브라이트
4,85,78,봄 브라이트
10,83,78,봄 브라이트
20,68,74,봄 브라이트
26,95,81,봄 브라이트
42,90,80,봄 브라이트
45,94,78,봄 브라이트
58,94,80,봄 브라이트
354,84,70,봄 브라이트
4,84,68,봄 브라이트
18,76,68,봄 브라이트
15,88,70,봄 브라이트
26,89,70,봄 브라이트
36,91,71,봄 브라이트
42,95,72,봄 브라이트
54,83,76,봄 브라이트
349,78,66,봄 브라이트
357,84,61,봄 브라이트
7,85,65,봄 브라이트
15,86,64,봄 브라이트
27,86,61,봄 브라이트
36,87,69,봄 브라이트
48,94,66,봄 브라이트
48,85,74,봄 브라이트
69,58,77,봄 브라이트
95,43,78,봄 브라이트
126,40,73,봄 브라이트
177,44,68,봄 브라이트
187,58,70,봄 브라이트
213,49,66,봄 브라이트
225,37,59,봄 브라이트
316,38,70,봄 브라이트
67,66,69,봄 브라이트
91,48,68,봄 브라이트
148,41,61,봄 브라이트
180,50,56,봄 브라이트
186,58,57,봄 브라이트
216,48,57,봄 브라이트
227,37,50,봄 브라이트
318,46,66,봄 브라이트
70,68,62,봄 브라이트
112,43,54,봄 브라이트
155,59,44,봄 브라이트
184,79,41,봄 브라이트
191,75,46,봄 브라이트
202,88,37,봄 브라이트
230,42,45,봄 브라이트
322,50,57,봄 브라이트
60,100,99,봄 브라이트
60,100,97,봄 브라이트
43,42,89,봄 브라이트
39,31,83,봄 브라이트
39,23,71,봄 브라이트
34,13,81,봄 브라이트
35,17,74,봄 브라이트
30,14,70,봄 브라이트
7,4,61,봄 브라이트
120,1,56,봄 브라이트
6,19,25,봄 브라이트
13,25,28,봄 브라이트
184,8,26,봄 브라이트
186,10,16,봄 브라이트
240,100,25,봄 브라이트
240,63,26,봄 브라이트
210,100,60,봄 브라이트
225,72,56,봄 브라이트
273,100,49,봄 브라이트
245,44,60,봄 브라이트
245,57,56,봄 브라이트
182,100,74,봄 브라이트
180,100,47,봄 브라이트
174,72,56,봄 브라이트
173,100,34,봄 브라이트
166,100,29,봄 브라이트
171,77,34,봄 브라이트
179,100,25,봄 브라이트
79,60,50,봄 브라이트
120,60,50,봄 브라이트
100,78,41,봄 브라이트
135,80,22,봄 브라이트
56,100,65,봄 브라이트
60,100,59,봄 브라이트
44,100,69,봄 브라이트
36,100,71,봄 브라이트
45,92,55,봄 브라이트
41,91,53,봄 브라이트
30,71,46,봄 브라이트
27,57,57,봄 브라이트
0,100,71,봄 브라이트
21,95,52,봄 브라이트
18,100,48,봄 브라이트
7,78,55,봄 브라이트
9,100,63,봄 브라이트
0,100,62,봄 브라이트
1,100,50,봄 브라이트
3,57,46,봄 브라이트
343,69,84,봄 브라이트
352,85,76,봄 브라이트
345,70,62,봄 브라이트
346,79,68,봄 브라이트
320,100,70,봄 브라이트
327,75,50,봄 브라이트
337,77,51,봄 브라이트
337,90,46,봄 브라이트
23,100,91,봄 트루
19,90,88,봄 트루
32,100,80,봄 트루
32,76,68,봄 트루
24,53,66,봄 트루
68,57,60,봄 트루
65,43,38,봄 트루
48,18,71,봄 트루
57,13,67,봄 트루
340,5,43,봄 트루
316,8,26,봄 트루
100,44,60,봄 트루
126,38,35,봄 트루
158,83,20,봄 트루
191,60,36,봄 트루
179,59,43,봄 트루
126,38,65,봄 트루
3,40,31,봄 트루
359,41,33,봄 트루
23,52,59,봄 트루
22,93,76,봄 트루
11,86,73,봄 트루
6,85,63,봄 트루
3,83,64,봄 트루
349,85,59,봄 트루
223,62,71,봄 트루
221,59,59,봄 트루
227,48,30,봄 트루
271,50,34,봄 트루
260,34,50,봄 트루
287,29,63,봄 트루
345,72,49,봄 트루
350,85,62,봄 트루
353,82,52,봄 트루
354,84,67,봄 트루
33,70,86,봄 트루
26,55,83,봄 트루
34,89,81,봄 트루
37,69,69,봄 트루
27,60,69,봄 트루
70,57,65,봄 트루
70,52,52,봄 트루
69,49,41,봄 트루
130,53,43,봄 트루
134,54,29,봄 트루
158,77,26,봄 트루
148,76,28,봄 트루
131,65,36,봄 트루
118,52,56,봄 트루
120,57,65,봄 트루
30,12,30,봄 트루
45,6,46,봄 트루
52,7,56,봄 트루
56,10,64,봄 트루
70,8,74,봄 트루
49,46,70,봄 트루
35,38,65,봄 트루
34,36,55,봄 트루
28,33,33,봄 트루
18,26,21,봄 트루
131,57,58,봄 트루
141,55,51,봄 트루
163,57,54,봄 트루
163,76,36,봄 트루
162,76,26,봄 트루
176,68,33,봄 트루
173,67,39,봄 트루
173,72,44,봄 트루
167,59,45,봄 트루
163,56,57,봄 트루
7,34,26,봄 트루
11,36,34,봄 트루
12,45,38,봄 트루
22,61,64,봄 트루
23,82,77,봄 트루
36,76,74,봄 트루
44,79,72,봄 트루
41,85,70,봄 트루
40,84,62,봄 트루
35,83,63,봄 트루
219,59,76,봄 트루
217,56,64,봄 트루
220,52,57,봄 트루
204,100,32,봄 트루
209,72,25,봄 트루
246,37,37,봄 트루
274,37,38,봄 트루
275,36,57,봄 트루
289,43,70,봄 트루
355,71,54,봄 트루
356,82,64,봄 트루
3,92,72,봄 트루
11,87,65,봄 트루
13,78,74,봄 트루
0,78,69,봄 트루
359,72,59,봄 트루
353,68,53,봄 트루
355,82,66,봄 트루
351,68,53,봄 트루
51,21,87,여름 라이트
47,23,80,여름 라이트
51,10,72,여름 라이트
34,9,61,여름 라이트
32,4,48,여름 라이트
158,59,67,여름 라이트
162,75,44,여름 라이트
166,68,37,여름 라이트
160,71,36,여름 라이트
160,53,26,여름 라이트
174,59,30,여름 라이트
175,67,43,여름 라이트
175,61,50,여름 라이트
169,76,44,여름 라이트
166,62,62,여름 라이트
200,19,38,여름 라이트
195,13,55,여름 라이트
180,2,44,여름 라이트
173,4,56,여름 라이트
180,3,70,여름 라이트
31,11,74,여름 라이트
352,10,51,여름 라이트
0,9,37,여름 라이트
356,9,32,여름 라이트
336,21,27,여름 라이트
188,63,65,여름 라이트
187,56,50,여름 라이트
180,66,46,여름 라이트
184,60,41,여름 라이트
189,60,35,여름 라이트
205,71,31,여름 라이트
207,69,38,여름 라이트
205,59,53,여름 라이트
202,71,66,여름 라이트
199,72,71,여름 라이트
39,92,74,여름 라이트
42,96,77,여름 라이트
46,76,74,여름 라이트
39,67,78,여름 라이트
38,71,82,여름 라이트
356,87,75,여름 라이트
355,80,63,여름 라이트
353,89,69,여름 라이트
350,72,55,여름 라이트
347,57,46,여름 라이트
218,54,71,여름 라이트
220,51,65,여름 라이트
219,45,53,여름 라이트
214,49,41,여름 라이트
215,61,30,여름 라이트
251,29,40,여름 라이트
257,27,48,여름 라이트
258,38,64,여름 라이트
345,63,49,여름 라이트
348,78,60,여름 라이트
348,84,65,여름 라이트
350,88,71,여름 라이트
354,89,78,여름 라이트
350,73,80,여름 라이트
339,79,77,여름 라이트
340,89,74,여름 라이트
339,66,60,여름 라이트
338,41,48,여름 라이트
246,36,80,여름 라이트
285,26,87,여름 라이트
276,30,87,여름 라이트
272,30,85,여름 라이트
312,38,85,여름 라이트
340,65,90,여름 라이트
343,79,88,여름 라이트
60,89,88,여름 라이트
244,31,62,여름 라이트
260,30,55,여름 라이트
284,29,59,여름 라이트
284,29,59,여름 라이트
301,30,60,여름 라이트
324,54,68,여름 라이트
333,77,73,여름 라이트
350,78,73,여름 라이트
60,81,78,여름 라이트
246,30,52,여름 라이트
273,34,44,여름 라이트
289,30,48,여름 라이트
310,31,50,여름 라이트
322,53,57,여름 라이트
333,84,69,여름 라이트
342,77,65,여름 라이트
55,94,77,여름 라이트
156,40,81,여름 라이트
167,34,83,여름 라이트
172,41,77,여름 라이트
182,48,81,여름 라이트
191,65,84,여름 라이트
192,68,83,여름 라이트
201,80,83,여름 라이트
200,59,83,여름 라이트
151,41,58,여름 라이트
154,43,56,여름 라이트
171,44,57,여름 라이트
187,55,58,여름 라이트
184,56,57,여름 라이트
194,80,63,여름 라이트
207,48,56,여름 라이트
231,34,58,여름 라이트
154,67,42,여름 라이트
163,72,40,여름 라이트
172,75,39,여름 라이트
180,86,38,여름 라이트
186,77,44,여름 라이트
195,87,55,여름 라이트
203,85,39,여름 라이트
234,38,45,여름 라이트
52,20,84,여름 뮤트
39,27,81,여름 뮤트
60,9,74,여름 뮤트
18,8,57,여름 뮤트
18,9,41,여름 뮤트
51,55,75,여름 뮤트
52,48,68,여름 뮤트
137,30,64,여름 뮤트
154,21,47,여름 뮤트
159,22,27,여름 뮤트
173,27,25,여름 뮤트
171,32,38,여름 뮤트
159,26,34,여름 뮤트
159,27,49,여름 뮤트
165,31,62,여름 뮤트
353,13,27,여름 뮤트
14,14,49,여름 뮤트
24,8,51,여름 뮤트
37,13,63,여름 뮤트
26,12,74,여름 뮤트
60,1,68,여름 뮤트
220,1,42,여름 뮤트
50,2,47,여름 뮤트
12,5,34,여름 뮤트
330,1,25,여름 뮤트
187,39,61,여름 뮤트
187,29,48,여름 뮤트
187,25,38,여름 뮤트
176,24,44,여름 뮤트
185,35,24,여름 뮤트
203,27,25,여름 뮤트
203,27,45,여름 뮤트
192,33,42,여름 뮤트
189,31,57,여름 뮤트
192,37,68,여름 뮤트
347,34,32,여름 뮤트
355,26,60,여름 뮤트
359,36,66,여름 뮤트
2,56,75,여름 뮤트
353,72,84,여름 뮤트
352,90,80,여름 뮤트
352,88,72,여름 뮤트
350,71,61,여름 뮤트
347,50,51,여름 뮤트
350,47,40,여름 뮤트
220,22,70,여름 뮤트
226,23,62,여름 뮤트
234,18,54,여름 뮤트
231,15,41,여름 뮤트
237,16,24,여름 뮤트
283,11,31,여름 뮤트
249,7,52,여름 뮤트
249,10,64,여름 뮤트
345,33,28,여름 뮤트
345,49,42,여름 뮤트
343,64,58,여름 뮤트
346,71,70,여름 뮤트
341,90,80,여름 뮤트
339,56,76,여름 뮤트
341,40,67,여름 뮤트
345,28,56,여름 뮤트
340,30,40,여름 뮤트
322,22,25,여름 뮤트
246,24,78,여름 뮤트
265,19,78,여름 뮤트
285,23,83,여름 뮤트
283,18,81,여름 뮤트
304,23,77,여름 뮤트
330,41,85,여름 뮤트
335,46,87,여름 뮤트
54,47,85,여름 뮤트
244,30,72,여름 뮤트
265,18,64,여름 뮤트
277,24,62,여름 뮤트
289,15,62,여름 뮤트
327,32,68,여름 뮤트
327,46,67,여름 뮤트
335,43,72,여름 뮤트
51,60,81,여름 뮤트
242,25,47,여름 뮤트
266,22,45,여름 뮤트
288,22,45,여름 뮤트
301,18,49,여름 뮤트
318,30,54,여름 뮤트
327,43,53,여름 뮤트
334,55,58,여름 뮤트
57,55,70,여름 뮤트
157,27,75,여름 뮤트
171,31,74,여름 뮤트
180,30,72,여름 뮤트
199,40,77,여름 뮤트
195,45,77,여름 뮤트
203,54,81,여름 뮤트
210,41,77,여름 뮤트
229,36,75,여름 뮤트
156,27,62,여름 뮤트
169,24,60,여름 뮤트
170,31,55,여름 뮤트
181,29,61,여름 뮤트
194,46,62,여름 뮤트
198,55,66,여름 뮤트
212,37,71,여름 뮤트
218,25,64,여름 뮤트
150,31,48,여름 뮤트
160,36,47,여름 뮤트
174,29,48,여름 뮤트
176,50,44,여름 뮤트
190,45,50,여름 뮤트
198,53,55,여름 뮤트
211,29,48,여름 뮤트
233,16,47,여름 뮤트
51,17,83,여름 트루
41,12,79,여름 트루
51,9,71,여름 트루
32,4,54,여름 트루
21,7,34,여름 트루
21,7,34,여름 트루
340,93,88,여름 트루
336,65,77,여름 트루
336,47,68,여름 트루
331,36,53,여름 트루
334,47,35,여름 트루
177,64,20,여름 트루
174,64,32,여름 트루
163,59,29,여름 트루
159,45,39,여름 트루
162,46,58,여름 트루
41,5,33,여름 트루
76,4,48,여름 트루
86,8,61,여름 트루
50,55,74,여름 트루
53,60,77,여름 트루
40,2,76,여름 트루
5,7,70,여름 트루
354,4,51,여름 트루
340,7,40,여름 트루
317,4,27,여름 트루
170,55,56,여름 트루
167,55,37,여름 트루
159,68,31,여름 트루
158,67,24,여름 트루
152,51,18,여름 트루
189,62,25,여름 트루
185,62,36,여름 트루
182,51,49,여름 트루
195,59,40,여름 트루
193,65,61,여름 트루
340,12,23,여름 트루
345,11,34,여름 트루
353,11,53,여름 트루
18,10,65,여름 트루
5,10,78,여름 트루
195,12,67,여름 트루
209,14,54,여름 트루
197,12,63,여름 트루
207,5,45,여름 트루
212,10,27,여름 트루
204,62,71,여름 트루
198,50,59,여름 트루
203,41,51,여름 트루
207,50,41,여름 트루
211,50,27,여름 트루
252,26,37,여름 트루
242,24,37,여름 트루
236,25,59,여름 트루
229,36,72,여름 트루
192,47,24,여름 트루
189,46,32,여름 트루
191,30,44,여름 트루
182,11,49,여름 트루
183,19,67,여름 트루
351,82,70,여름 트루
350,69,59,여름 트루
346,64,65,여름 트루
344,47,45,여름 트루
344,43,31,여름 트루
51,17,83,여름 트루
41,12,79,여름 트루
51,9,71,여름 트루
32,4,54,여름 트루
21,7,34,여름 트루
340,93,88,여름 트루
336,65,77,여름 트루
336,47,68,여름 트루
331,36,53,여름 트루
334,47,35,여름 트루
53,60,77,여름 트루
50,55,74,여름 트루
86,8,61,여름 트루
76,4,48,여름 트루
41,5,33,여름 트루
162,46,58,여름 트루
159,45,39,여름 트루
163,59,29,여름 트루
174,64,32,여름 트루
177,64,20,여름 트루
40,2,76,여름 트루
5,7,70,여름 트루
354,4,51,여름 트루
340,7,40,여름 트루
320,4,27,여름 트루
170,55,56,여름 트루
167,55,37,여름 트루
159,68,31,여름 트루
158,67,24,여름 트루
152,51,18,여름 트루
5,10,78,여름 트루
18,10,65,여름 트루
353,11,53,여름 트루
345,11,34,여름 트루
340,12,23,여름 트루
193,65,61,여름 트루
195,59,40,여름 트루
182,51,49,여름 트루
185,62,36,여름 트루
189,62,25,여름 트루
195,12,67,여름 트루
209,14,54,여름 트루
197,12,63,여름 트루
207,5,45,여름 트루
207,9,27,여름 트루
204,62,71,여름 트루
198,50,59,여름 트루
203,41,51,여름 트루
207,50,41,여름 트루
211,50,27,여름 트루
183,19,67,여름 트루
182,11,49,여름 트루
191,30,44,여름 트루
189,46,32,여름 트루
192,47,24,여름 트루
229,36,72,여름 트루
236,25,59,여름 트루
242,24,37,여름 트루
251,24,37,여름 트루
351,82,70,여름 트루
350,69,59,여름 트루
346,64,65,여름 트루
344,47,45,여름 트루
344,43,31,여름 트루
51,17,83,여름 트루
32,10,79,여름 트루
86,8,62,여름 트루
67,3,48,여름 트루
41,5,33,여름 트루
198,11,68,여름 트루
210,15,54,여름 트루
191,30,44,여름 트루
189,45,32,여름 트루
212,7,28,여름 트루
339,84,87,여름 트루
336,48,69,여름 트루
331,38,53,여름 트루
334,47,35,여름 트루
242,25,38,여름 트루
199,49,59,여름 트루
203,38,51,여름 트루
207,50,41,여름 트루
229,36,72,여름 트루
236,25,59,여름 트루
329,3,89,여름 트루
311,12,83,여름 트루
354,7,73,여름 트루
327,5,49,여름 트루
340,10,27,여름 트루
56,52,75,여름 트루
55,47,70,여름 트루
40,1,58,여름 트루
300,1,38,여름 트루
338,9,23,여름 트루
328,78,83,여름 트루
332,58,70,여름 트루
334,39,58,여름 트루
325,43,44,여름 트루
331,74,26,여름 트루
283,9,77,여름 트루
311,10,69,여름 트루
304,5,46,여름 트루
296,12,31,여름 트루
271,20,16,여름 트루
170,32,56,여름 트루
174,49,30,여름 트루
176,89,15,여름 트루
188,91,23,여름 트루
196,90,12,여름 트루
311,15,79,여름 트루
341,10,64,여름 트루
327,8,48,여름 트루
311,17,23,여름 트루
307,34,9,여름 트루
178,43,54,여름 트루
179,67,27,여름 트루
170,88,20,여름 트루
160,93,11,여름 트루
165,71,6,여름 트루
227,15,69,여름 트루
220,15,52,여름 트루
227,13,64,여름 트루
227,12,37,여름 트루
223,34,14,여름 트루
201,77,62,여름 트루
203,80,36,여름 트루
194,54,48,여름 트루
193,85,30,여름 트루
205,84,18,여름 트루
209,22,71,여름 트루
208,14,49,여름 트루
202,40,40,여름 트루
199,88,23,여름 트루
210,89,15,여름 트루
211,71,70,여름 트루
208,56,57,여름 트루
210,53,45,여름 트루
214,83,30,여름 트루
227,90,16,여름 트루
344,71,65,여름 트루
344,62,53,여름 트루
338,53,56,여름 트루
340,67,34,여름 트루
344,76,18,여름 트루
231,44,66,여름 트루
232,31,47,여름 트루
235,67,23,여름 트루
241,59,21,여름 트루

